20090104,20090105,20090110,20090111,20090117,20090118,20090124,20090125,20090131
20090201,20090207,20090208,20090214,20090215,20090221,20090222,20090228
20090301,20090307,20090308,20090314,20090315,20090321,20090322,20090328,20090329
20090404,20090405,20090411,20090412,20090418,20090419,20090425,20090426
20090502,20090503,20090509,20090510,20090516,20090517,20090523,20090524,20090530,20090531
20090606,20090607,20090613,20090614,20090620,20090621,20090627,20090628
20090704,20090705,20090711,20090712,20090718,20090719,20090725,20090726
20090801,20090802,20090808,20090809,20090815,20090816,20090822,20090823,20090829,20090830
20090905,20090906,20090912,20090913,20090919,20090920,20090921,20090926,20090927
20091003,20091004,20091010,20091011,20091017,20091018,20091024,20091025,20091031
20091101,20091107,20091108,20091114,20091115,20091121,20091122,20091128,20091129
20091205,20091206,20091212,20091213,20091219,20091220,20091226,20091227
