202106010101,202106010102,202106010103,202106010104,202106010105,202106010106,202106010107,202106010108,202106010109,202106010110,202106010111,202106010112,202107010101,202107010102,202107010103,202107010104,202107010105,202107010106,202107010107,202107010108,202107010109,202107010110,202107010111,202107010112
202106010201,202106010202,202106010203,202106010204,202106010205,202106010206,202106010207,202106010208,202106010209,202106010210,202106010211,202106010212,202107010201,202107010202,202107010203,202107010204,202107010205,202107010206,202107010207,202107010208,202107010209,202107010210,202107010211,202107010212
202106010301,202106010302,202106010303,202106010304,202106010305,202106010306,202106010307,202106010308,202106010309,202106010310,202106010311,202106010312,202107010301,202107010302,202107010303,202107010304,202107010305,202107010306,202107010307,202107010308,202107010309,202107010310,202107010311,202107010312
202106010401,202106010402,202106010403,202106010404,202106010405,202106010406,202106010407,202106010408,202106010409,202106010410,202106010411,202106010412,202107010401,202107010402,202107010403,202107010404,202107010405,202107010406,202107010407,202107010408,202107010409,202107010410,202107010411,202107010412
202106010501,202106010502,202106010503,202106010504,202106010505,202106010506,202106010507,202106010508,202106010509,202106010510,202106010511,202106010512,202107010501,202107010502,202107010503,202107010504,202107010505,202107010506,202107010507,202107010508,202107010509,202107010510,202107010511,202107010512,202110010101,202110010102,202110010103,202110010104,202110010105,202110010106,202110010107,202110010108,202110010109,202110010110,202110010111,202110010112
202106010601,202106010602,202106010603,202106010604,202106010605,202106010606,202106010607,202106010608,202106010609,202106010610,202106010611,202106010612,202107010601,202107010602,202107010603,202107010604,202107010605,202107010606,202107010607,202107010608,202107010609,202107010610,202107010611,202107010612,202110010201,202110010202,202110010203,202110010204,202110010205,202110010206,202110010207,202110010208,202110010209,202110010210,202110010211,202110010212
202106010701,202106010702,202106010703,202106010704,202106010705,202106010706,202106010707,202106010708,202106010709,202106010710,202106010711,202106010712,202107010701,202107010702,202107010703,202107010704,202107010705,202107010706,202107010707,202107010708,202107010709,202107010710,202107010711,202107010712,202110010301,202110010302,202110010303,202110010304,202110010305,202110010306,202110010307,202110010308,202110010309,202110010310,202110010311,202110010312
202106010801,202106010802,202106010803,202106010804,202106010805,202106010806,202106010807,202106010808,202106010809,202106010810,202106010811,202106010812,202107010801,202107010802,202107010803,202107010804,202107010805,202107010806,202107010807,202107010808,202107010809,202107010810,202107010811,202107010812,202110010401,202110010402,202110010403,202110010404,202110010405,202110010406,202110010407,202110010408,202110010409,202110010410,202110010411,202110010412
202105010101,202105010102,202105010103,202105010104,202105010105,202105010106,202105010107,202105010108,202105010109,202105010110,202105010111,202105010112,202107010901,202107010902,202107010903,202107010904,202107010905,202107010906,202107010907,202107010908,202107010909,202107010910,202107010911,202107010912,202110010501,202110010502,202110010503,202110010504,202110010505,202110010506,202110010507,202110010508,202110010509,202110010510,202110010511,202110010512
202105010201,202105010202,202105010203,202105010204,202105010205,202105010206,202105010207,202105010208,202105010209,202105010210,202105010211,202105010212,202107011001,202107011002,202107011003,202107011004,202107011005,202107011006,202107011007,202107011008,202107011009,202107011010,202107011011,202107011012,202110010601,202110010602,202110010603,202110010604,202110010605,202110010606,202110010607,202110010608,202110010609,202110010610,202110010611,202110010612
202105010301,202105010302,202105010303,202105010304,202105010305,202105010306,202105010307,202105010308,202105010309,202105010310,202105010311,202105010312,202107011101,202107011102,202107011103,202107011104,202107011105,202107011106,202107011107,202107011108,202107011109,202107011110,202107011111,202107011112,202110010701,202110010702,202110010703,202110010704,202110010705,202110010706,202110010707,202110010708,202110010709,202110010710,202110010711,202110010712
202105010401,202105010402,202105010403,202105010404,202105010405,202105010406,202105010407,202105010408,202105010409,202105010410,202105010411,202105010412,202107011201,202107011202,202107011203,202107011204,202107011205,202107011206,202107011207,202107011208,202107011209,202107011210,202107011211,202107011212,202110010801,202110010802,202110010803,202110010804,202110010805,202110010806,202110010807,202110010808,202110010809,202110010810,202110010811,202110010812
202105010501,202105010502,202105010503,202105010504,202105010505,202105010506,202105010507,202105010508,202105010509,202105010510,202105010511,202105010512,202109010101,202109010102,202109010103,202109010104,202109010105,202109010106,202109010107,202109010108,202109010109,202109010110,202109010111,202109010112,202110020101,202110020102,202110020103,202110020104,202110020105,202110020106,202110020107,202110020108,202110020109,202110020110,202110020111,202110020112
202105010601,202105010602,202105010603,202105010604,202105010605,202105010606,202105010607,202105010608,202105010609,202105010610,202105010611,202105010612,202109010201,202109010202,202109010203,202109010204,202109010205,202109010206,202109010207,202109010208,202109010209,202109010210,202109010211,202109010212,202110020201,202110020202,202110020203,202110020204,202110020205,202110020206,202110020207,202110020208,202110020209,202110020210,202110020211,202110020212
202105010701,202105010702,202105010703,202105010704,202105010705,202105010706,202105010707,202105010708,202105010709,202105010710,202105010711,202105010712,202109010301,202109010302,202109010303,202109010304,202109010305,202109010306,202109010307,202109010308,202109010309,202109010310,202109010311,202109010312,202110020301,202110020302,202110020303,202110020304,202110020305,202110020306,202110020307,202110020308,202110020309,202110020310,202110020311,202110020312
202105010801,202105010802,202105010803,202105010804,202105010805,202105010806,202105010807,202105010808,202105010809,202105010810,202105010811,202105010812,202109010401,202109010402,202109010403,202109010404,202109010405,202109010406,202109010407,202109010408,202109010409,202109010410,202109010411,202109010412,202110020401,202110020402,202110020403,202110020404,202110020405,202110020406,202110020407,202110020408,202110020409,202110020410,202110020411,202110020412
202106020101,202106020102,202106020103,202106020104,202106020105,202106020106,202106020107,202106020108,202106020109,202106020110,202106020111,202106020112,202109010501,202109010502,202109010503,202109010504,202109010505,202109010506,202109010507,202109010508,202109010509,202109010510,202109010511,202109010512,202110020501,202110020502,202110020503,202110020504,202110020505,202110020506,202110020507,202110020508,202110020509,202110020510,202110020511,202110020512
202106020201,202106020202,202106020203,202106020204,202106020205,202106020206,202106020207,202106020208,202106020209,202106020210,202106020211,202106020212,202109010601,202109010602,202109010603,202109010604,202109010605,202109010606,202109010607,202109010608,202109010609,202109010610,202109010611,202109010612,202110020601,202110020602,202110020603,202110020604,202110020605,202110020606,202110020607,202110020608,202110020609,202110020610,202110020611,202110020612
202106020301,202106020302,202106020303,202106020304,202106020305,202106020306,202106020307,202106020308,202106020309,202106020310,202106020311,202106020312,202109010701,202109010702,202109010703,202109010704,202109010705,202109010706,202109010707,202109010708,202109010709,202109010710,202109010711,202109010712,202110020701,202110020702,202110020703,202110020704,202110020705,202110020706,202110020707,202110020708,202110020709,202110020710,202110020711,202110020712
202106020401,202106020402,202106020403,202106020404,202106020405,202106020406,202106020407,202106020408,202106020409,202106020410,202106020411,202106020412,202109010801,202109010802,202109010803,202109010804,202109010805,202109010806,202109010807,202109010808,202109010809,202109010810,202109010811,202109010812,202110020801,202110020802,202110020803,202110020804,202110020805,202110020806,202110020807,202110020808,202110020809,202110020810,202110020811,202110020812
202106020501,202106020502,202106020503,202106020504,202106020505,202106020506,202106020507,202106020508,202106020509,202106020510,202106020511,202106020512,202109010901,202109010902,202109010903,202109010904,202109010905,202109010906,202109010907,202109010908,202109010909,202109010910,202109010911,202109010912,202107020101,202107020102,202107020103,202107020104,202107020105,202107020106,202107020107,202107020108,202107020109,202107020110,202107020111,202107020112
202106020601,202106020602,202106020603,202106020604,202106020605,202106020606,202106020607,202106020608,202106020609,202106020610,202106020611,202106020612,202109011001,202109011002,202109011003,202109011004,202109011005,202109011006,202109011007,202109011008,202109011009,202109011010,202109011011,202109011012,202107020201,202107020202,202107020203,202107020204,202107020205,202107020206,202107020207,202107020208,202107020209,202107020210,202107020211,202107020212
202106020701,202106020702,202106020703,202106020704,202106020705,202106020706,202106020707,202106020708,202106020709,202106020710,202106020711,202106020712,202109011101,202109011102,202109011103,202109011104,202109011105,202109011106,202109011107,202109011108,202109011109,202109011110,202109011111,202109011112,202107020301,202107020302,202107020303,202107020304,202107020305,202107020306,202107020307,202107020308,202107020309,202107020310,202107020311,202107020312
202106020801,202106020802,202106020803,202106020804,202106020805,202106020806,202106020807,202106020808,202106020809,202106020810,202106020811,202106020812,202109011201,202109011202,202109011203,202109011204,202109011205,202109011206,202109011207,202109011208,202109011209,202109011210,202109011211,202109011212,202107020401,202107020402,202107020403,202107020404,202107020405,202107020406,202107020407,202107020408,202107020409,202107020410,202107020411,202107020412
202106030101,202106030102,202106030103,202106030104,202106030105,202106030106,202106030107,202106030108,202106030109,202106030110,202106030111,202106030112,202109020101,202109020102,202109020103,202109020104,202109020105,202109020106,202109020107,202109020108,202109020109,202109020110,202109020111,202109020112,202107020501,202107020502,202107020503,202107020504,202107020505,202107020506,202107020507,202107020508,202107020509,202107020510,202107020511,202107020512
202106030201,202106030202,202106030203,202106030204,202106030205,202106030206,202106030207,202106030208,202106030209,202106030210,202106030211,202106030212,202109020201,202109020202,202109020203,202109020204,202109020205,202109020206,202109020207,202109020208,202109020209,202109020210,202109020211,202109020212,202107020601,202107020602,202107020603,202107020604,202107020605,202107020606,202107020607,202107020608,202107020609,202107020610,202107020611,202107020612
202106030301,202106030302,202106030303,202106030304,202106030305,202106030306,202106030307,202106030308,202106030309,202106030310,202106030311,202106030312,202109020301,202109020302,202109020303,202109020304,202109020305,202109020306,202109020307,202109020308,202109020309,202109020310,202109020311,202109020312
202106030401,202106030402,202106030403,202106030404,202106030405,202106030406,202106030407,202106030408,202106030409,202106030410,202106030411,202106030412,202109020401,202109020402,202109020403,202109020404,202109020405,202109020406,202109020407,202109020408,202109020409,202109020410,202109020411,202109020412
202106030501,202106030502,202106030503,202106030504,202106030505,202106030506,202106030507,202106030508,202106030509,202106030510,202106030511,202106030512,202109020501,202109020502,202109020503,202109020504,202109020505,202109020506,202109020507,202109020508,202109020509,202109020510,202109020511,202109020512,202104010101,202104010102,202104010103,202104010104,202104010105,202104010106,202104010107,202104010108,202104010109,202104010110,202104010111,202104010112
202106030601,202106030602,202106030603,202106030604,202106030605,202106030606,202106030607,202106030608,202106030609,202106030610,202106030611,202106030612,202109020601,202109020602,202109020603,202109020604,202109020605,202109020606,202109020607,202109020608,202109020609,202109020610,202109020611,202109020612,202104010201,202104010202,202104010203,202104010204,202104010205,202104010206,202104010207,202104010208,202104010209,202104010210,202104010211,202104010212
202106030701,202106030702,202106030703,202106030704,202106030705,202106030706,202106030707,202106030708,202106030709,202106030710,202106030711,202106030712,202109020701,202109020702,202109020703,202109020704,202109020705,202109020706,202109020707,202109020708,202109020709,202109020710,202109020711,202109020712,202104010301,202104010302,202104010303,202104010304,202104010305,202104010306,202104010307,202104010308,202104010309,202104010310,202104010311,202104010312
202106030801,202106030802,202106030803,202106030804,202106030805,202106030806,202106030807,202106030808,202106030809,202106030810,202106030811,202106030812,202109020801,202109020802,202109020803,202109020804,202109020805,202109020806,202109020807,202109020808,202109020809,202109020810,202109020811,202109020812,202104010401,202104010402,202104010403,202104010404,202104010405,202104010406,202104010407,202104010408,202104010409,202104010410,202104010411,202104010412
202105020101,202105020102,202105020103,202105020104,202105020105,202105020106,202105020107,202105020108,202105020109,202105020110,202105020111,202105020112,202109020901,202109020902,202109020903,202109020904,202109020905,202109020906,202109020907,202109020908,202109020909,202109020910,202109020911,202109020912,202104010501,202104010502,202104010503,202104010504,202104010505,202104010506,202104010507,202104010508,202104010509,202104010510,202104010511,202104010512
202105020201,202105020202,202105020203,202105020204,202105020205,202105020206,202105020207,202105020208,202105020209,202105020210,202105020211,202105020212,202109021001,202109021002,202109021003,202109021004,202109021005,202109021006,202109021007,202109021008,202109021009,202109021010,202109021011,202109021012,202104010601,202104010602,202104010603,202104010604,202104010605,202104010606,202104010607,202104010608,202104010609,202104010610,202104010611,202104010612
202105020301,202105020302,202105020303,202105020304,202105020305,202105020306,202105020307,202105020308,202105020309,202105020310,202105020311,202105020312,202109021101,202109021102,202109021103,202109021104,202109021105,202109021106,202109021107,202109021108,202109021109,202109021110,202109021111,202109021112,202104010701,202104010702,202104010703,202104010704,202104010705,202104010706,202104010707,202104010708,202104010709,202104010710,202104010711,202104010712
202105020401,202105020402,202105020403,202105020404,202105020405,202105020406,202105020407,202105020408,202105020409,202105020410,202105020411,202105020412,202109021201,202109021202,202109021203,202109021204,202109021205,202109021206,202109021207,202109021208,202109021209,202109021210,202109021211,202109021212,202104010801,202104010802,202104010803,202104010804,202104010805,202104010806,202104010807,202104010808,202104010809,202104010810,202104010811,202104010812
202105020501,202105020502,202105020503,202105020504,202105020505,202105020506,202105020507,202105020508,202105020509,202105020510,202105020511,202105020512,202107030101,202107030102,202107030103,202107030104,202107030105,202107030106,202107030107,202107030108,202107030109,202107030110,202107030111,202107030112,202104020101,202104020102,202104020103,202104020104,202104020105,202104020106,202104020107,202104020108,202104020109,202104020110,202104020111,202104020112
202105020601,202105020602,202105020603,202105020604,202105020605,202105020606,202105020607,202105020608,202105020609,202105020610,202105020611,202105020612,202107030201,202107030202,202107030203,202107030204,202107030205,202107030206,202107030207,202107030208,202107030209,202107030210,202107030211,202107030212,202104020201,202104020202,202104020203,202104020204,202104020205,202104020206,202104020207,202104020208,202104020209,202104020210,202104020211,202104020212
202105020701,202105020702,202105020703,202105020704,202105020705,202105020706,202105020707,202105020708,202105020709,202105020710,202105020711,202105020712,202107030301,202107030302,202107030303,202107030304,202107030305,202107030306,202107030307,202107030308,202107030309,202107030310,202107030311,202107030312,202104020301,202104020302,202104020303,202104020304,202104020305,202104020306,202104020307,202104020308,202104020309,202104020310,202104020311,202104020312
202105020801,202105020802,202105020803,202105020804,202105020805,202105020806,202105020807,202105020808,202105020809,202105020810,202105020811,202105020812,202107030401,202107030402,202107030403,202107030404,202107030405,202107030406,202107030407,202107030408,202107030409,202107030410,202107030411,202107030412,202104020401,202104020402,202104020403,202104020404,202104020405,202104020406,202104020407,202104020408,202104020409,202104020410,202104020411,202104020412
202105020901,202105020902,202105020903,202105020904,202105020905,202105020906,202105020907,202105020908,202105020909,202105020910,202105020911,202105020912,202107030501,202107030502,202107030503,202107030504,202107030505,202107030506,202107030507,202107030508,202107030509,202107030510,202107030511,202107030512,202104020501,202104020502,202104020503,202104020504,202104020505,202104020506,202104020507,202104020508,202104020509,202104020510,202104020511,202104020512
202105021001,202105021002,202105021003,202105021004,202105021005,202105021006,202105021007,202105021008,202105021009,202105021010,202105021011,202105021012,202107030601,202107030602,202107030603,202107030604,202107030605,202107030606,202107030607,202107030608,202107030609,202107030610,202107030611,202107030612,202104020601,202104020602,202104020603,202104020604,202104020605,202104020606,202104020607,202104020608,202104020609,202104020610,202104020611,202104020612
202105021101,202105021102,202105021103,202105021104,202105021105,202105021106,202105021107,202105021108,202105021109,202105021110,202105021111,202105021112,202107030701,202107030702,202107030703,202107030704,202107030705,202107030706,202107030707,202107030708,202107030709,202107030710,202107030711,202107030712
202105021201,202105021202,202105021203,202105021204,202105021205,202105021206,202105021207,202105021208,202105021209,202105021210,202105021211,202105021212,202107030801,202107030802,202107030803,202107030804,202107030805,202107030806,202107030807,202107030808,202107030809,202107030810,202107030811,202107030812
202105030101,202105030102,202105030103,202105030104,202105030105,202105030106,202105030107,202105030108,202105030109,202105030110,202105030111,202105030112,202107040101,202107040102,202107040103,202107040104,202107040105,202107040106,202107040107,202107040108,202107040109,202107040110,202107040111,202107040112
202105030201,202105030202,202105030203,202105030204,202105030205,202105030206,202105030207,202105030208,202105030209,202105030210,202105030211,202105030212,202107040201,202107040202,202107040203,202107040204,202107040205,202107040206,202107040207,202107040208,202107040209,202107040210,202107040211,202107040212
202105030301,202105030302,202105030303,202105030304,202105030305,202105030306,202105030307,202105030308,202105030309,202105030310,202105030311,202105030312,202107040301,202107040302,202107040303,202107040304,202107040305,202107040306,202107040307,202107040308,202107040309,202107040310,202107040311,202107040312,202101010101,202101010102,202101010103,202101010104,202101010105,202101010106,202101010107,202101010108,202101010109,202101010110,202101010111,202101010112
202105030401,202105030402,202105030403,202105030404,202105030405,202105030406,202105030407,202105030408,202105030409,202105030410,202105030411,202105030412,202107040401,202107040402,202107040403,202107040404,202107040405,202107040406,202107040407,202107040408,202107040409,202107040410,202107040411,202107040412,202101010201,202101010202,202101010203,202101010204,202101010205,202101010206,202101010207,202101010208,202101010209,202101010210,202101010211,202101010212
202105030501,202105030502,202105030503,202105030504,202105030505,202105030506,202105030507,202105030508,202105030509,202105030510,202105030511,202105030512,202109030101,202109030102,202109030103,202109030104,202109030105,202109030106,202109030107,202109030108,202109030109,202109030110,202109030111,202109030112,202101010301,202101010302,202101010303,202101010304,202101010305,202101010306,202101010307,202101010308,202101010309,202101010310,202101010311,202101010312
202105030601,202105030602,202105030603,202105030604,202105030605,202105030606,202105030607,202105030608,202105030609,202105030610,202105030611,202105030612,202109030201,202109030202,202109030203,202109030204,202109030205,202109030206,202109030207,202109030208,202109030209,202109030210,202109030211,202109030212,202101010401,202101010402,202101010403,202101010404,202101010405,202101010406,202101010407,202101010408,202101010409,202101010410,202101010411,202101010412
202105030701,202105030702,202105030703,202105030704,202105030705,202105030706,202105030707,202105030708,202105030709,202105030710,202105030711,202105030712,202109030301,202109030302,202109030303,202109030304,202109030305,202109030306,202109030307,202109030308,202109030309,202109030310,202109030311,202109030312,202101010501,202101010502,202101010503,202101010504,202101010505,202101010506,202101010507,202101010508,202101010509,202101010510,202101010511,202101010512
202105030801,202105030802,202105030803,202105030804,202105030805,202105030806,202105030807,202105030808,202105030809,202105030810,202105030811,202105030812,202109030401,202109030402,202109030403,202109030404,202109030405,202109030406,202109030407,202109030408,202109030409,202109030410,202109030411,202109030412,202101010601,202101010602,202101010603,202101010604,202101010605,202101010606,202101010607,202101010608,202101010609,202101010610,202101010611,202101010612
202103010101,202103010102,202103010103,202103010104,202103010105,202103010106,202103010107,202103010108,202103010109,202103010110,202103010111,202103010112,202110030101,202110030102,202110030103,202110030104,202110030105,202110030106,202110030107,202110030108,202110030109,202110030110,202110030111,202110030112,202102010101,202102010102,202102010103,202102010104,202102010105,202102010106,202102010107,202102010108,202102010109,202102010110,202102010111,202102010112
202103010201,202103010202,202103010203,202103010204,202103010205,202103010206,202103010207,202103010208,202103010209,202103010210,202103010211,202103010212,202110030201,202110030202,202110030203,202110030204,202110030205,202110030206,202110030207,202110030208,202110030209,202110030210,202110030211,202110030212,202102010201,202102010202,202102010203,202102010204,202102010205,202102010206,202102010207,202102010208,202102010209,202102010210,202102010211,202102010212
202103010301,202103010302,202103010303,202103010304,202103010305,202103010306,202103010307,202103010308,202103010309,202103010310,202103010311,202103010312,202110030301,202110030302,202110030303,202110030304,202110030305,202110030306,202110030307,202110030308,202110030309,202110030310,202110030311,202110030312,202102010301,202102010302,202102010303,202102010304,202102010305,202102010306,202102010307,202102010308,202102010309,202102010310,202102010311,202102010312
202103010401,202103010402,202103010403,202103010404,202103010405,202103010406,202103010407,202103010408,202103010409,202103010410,202103010411,202103010412,202110030401,202110030402,202110030403,202110030404,202110030405,202110030406,202110030407,202110030408,202110030409,202110030410,202110030411,202110030412,202102010401,202102010402,202102010403,202102010404,202102010405,202102010406,202102010407,202102010408,202102010409,202102010410,202102010411,202102010412
202103010501,202103010502,202103010503,202103010504,202103010505,202103010506,202103010507,202103010508,202103010509,202103010510,202103010511,202103010512,202110030501,202110030502,202110030503,202110030504,202110030505,202110030506,202110030507,202110030508,202110030509,202110030510,202110030511,202110030512,202102010501,202102010502,202102010503,202102010504,202102010505,202102010506,202102010507,202102010508,202102010509,202102010510,202102010511,202102010512
202103010601,202103010602,202103010603,202103010604,202103010605,202103010606,202103010607,202103010608,202103010609,202103010610,202103010611,202103010612,202110030601,202110030602,202110030603,202110030604,202110030605,202110030606,202110030607,202110030608,202110030609,202110030610,202110030611,202110030612,202102010601,202102010602,202102010603,202102010604,202102010605,202102010606,202102010607,202102010608,202102010609,202102010610,202102010611,202102010612
